[{"name":{"common":"Northern Mariana Islands","official":"Commonwealth of the Northern Mariana Islands","nativeName":{"cal":{"official":"Commonwealth of the Northern Mariana Islands","common":"Northern Mariana Islands"},"cha":{"official":"Sankattan Siha Na Islas Mariånas","common":"Na Islas Mariånas"},"eng":{"official":"Commonwealth of the Northern Mariana Islands","common":"Northern Mariana Islands"}}},"currencies":{"USD":{"name":"United States dollar","symbol":"$"}}},{"name":{"common":"Bahamas","official":"Commonwealth of the Bahamas","nativeName":{"eng":{"official":"Commonwealth of the Bahamas","common":"Bahamas"}}},"currencies":{"BSD":{"name":"Bahamian dollar","symbol":"$"},"USD":{"name":"United States dollar","symbol":"$"}}},{"name":{"common":"United States Minor Outlying Islands","official":"United States Minor Outlying Islands","nativeName":{"eng":{"official":"United States Minor Outlying Islands","common":"United States Minor Outlying Islands"}}},"currencies":{"USD":{"name":"United States dollar","symbol":"$"}}},{"name":{"common":"Turks and Caicos Islands","official":"Turks and Caicos Islands","nativeName":{"eng":{"official":"Turks and Caicos Islands","common":"Turks and Caicos Islands"}}},"currencies":{"USD":{"name":"United States dollar","symbol":"$"}}},{"name":{"common":"British Virgin Islands","official":"Virgin Islands","nativeName":{"eng":{"official":"Virgin Islands","common":"British Virgin Islands"}}},"currencies":{"USD":{"name":"United States dollar","symbol":"$"}}},{"name":{"common":"Panama","official":"Republic of Panama","nativeName":{"spa":{"official":"República de Panamá","common":"Panamá"}}},"currencies":{"PAB":{"name":"Panamanian balboa","symbol":"B/."},"USD":{"name":"United States dollar","symbol":"$"}}},{"name":{"common":"United States Virgin Islands","official":"Virgin Islands of the United States","nativeName":{"eng":{"official":"Virgin Islands of the United States","common":"United States Virgin Islands"}}},"currencies":{"USD":{"name":"United States dollar","symbol":"$"}}},{"name":{"common":"Palau","official":"Republic of Palau","nativeName":{"eng":{"official":"Republic of Palau","common":"Palau"},"pau":{"official":"Beluu er a Belau","common":"Belau"}}},"currencies":{"USD":{"name":"United States dollar","symbol":"$"}}},{"name":{"common":"Puerto Rico","official":"Commonwealth of Puerto Rico","nativeName":{"eng":{"official":"Commonwealth of Puerto Rico","common":"Puerto Rico"},"spa":{"official":"Estado Libre Asociado de Puerto Rico","common":"Puerto Rico"}}},"currencies":{"USD":{"name":"United States dollar","symbol":"$"}}},{"name":{"common":"Guam","official":"Guam","nativeName":{"cha":{"official":"Guåhån","common":"Guåhån"},"eng":{"official":"Guam","common":"Guam"},"spa":{"official":"Guam","common":"Guam"}}},"currencies":{"USD":{"name":"United States dollar","symbol":"$"}}},{"name":{"common":"United States","official":"United States of America","nativeName":{"eng":{"official":"United States of America","common":"United States"}}},"currencies":{"USD":{"name":"United States dollar","symbol":"$"}}},{"name":{"common":"American Samoa","official":"American Samoa","nativeName":{"eng":{"official":"American Samoa","common":"American Samoa"},"smo":{"official":"Sāmoa Amelika","common":"Sāmoa Amelika"}}},"currencies":{"USD":{"name":"United States dollar","symbol":"$"}}},{"name":{"common":"Marshall Islands","official":"Republic of the Marshall Islands","nativeName":{"eng":{"official":"Republic of the Marshall Islands","common":"Marshall Islands"},"mah":{"official":"Republic of the Marshall Islands","common":"M̧ajeļ"}}},"currencies":{"USD":{"name":"United States dollar","symbol":"$"}}},{"name":{"common":"El Salvador","official":"Republic of El Salvador","nativeName":{"spa":{"official":"República de El Salvador","common":"El Salvador"}}},"currencies":{"USD":{"name":"United States dollar","symbol":"$"}}},{"name":{"common":"Ecuador","official":"Republic of Ecuador","nativeName":{"spa":{"official":"República del Ecuador","common":"Ecuador"}}},"currencies":{"USD":{"name":"United States dollar","symbol":"$"}}},{"name":{"common":"Caribbean Netherlands","official":"Bonaire, Sint Eustatius and Saba","nativeName":{"nld":{"official":"Bonaire, Sint Eustatius en Saba","common":"Caribisch Nederland"},"pap":{"official":"Boneiru, Sint Eustatius y Saba","common":"Boneiru, Sint Eustatius y Saba"}}},"currencies":{"USD":{"name":"United States dollar","symbol":"$"}}},{"name":{"common":"Timor-Leste","official":"Democratic Republic of Timor-Leste","nativeName":{"por":{"official":"República Democrática de Timor-Leste","common":"Timor-Leste"},"tet":{"official":"Repúblika Demokrátika Timór-Leste","common":"Timór-Leste"}}},"currencies":{"USD":{"name":"United States dollar","symbol":"$"}}},{"name":{"common":"Cambodia","official":"Kingdom of Cambodia","nativeName":{"khm":{"official":"ព្រះរាជាណាចក្រកម្ពុជា","common":"Kâmpŭchéa"}}},"currencies":{"KHR":{"name":"Cambodian riel","symbol":"៛"},"USD":{"name":"United States dollar","symbol":"$"}}},{"name":{"common":"Micronesia","official":"Federated States of Micronesia","nativeName":{"eng":{"official":"Federated States of Micronesia","common":"Micronesia"}}},"currencies":{"USD":{"name":"United States dollar","symbol":"$"}}},{"name":{"common":"British Indian Ocean Territory","official":"British Indian Ocean Territory","nativeName":{"eng":{"official":"British Indian Ocean Territory","common":"British Indian Ocean Territory"}}},"currencies":{"USD":{"name":"United States dollar","symbol":"$"}}}]